,computation,communication,epoch_time,aggregation
0,172.37468114975954,64.4384627214042,238.92230940121476,0.06878156046713245
